id;name;description;price;size;image;image_content_type
1;Generic Steel Tuna;website calculating;57374;M;../fake-data/blob/hipster.png;image/png
2;Chilean Peso Unidades de fomento Handmade Legacy;deposit Sri Lanka Rupee THX;28913;S;../fake-data/blob/hipster.png;image/png
3;Centers Steel Credit Card Account;networks infomediaries;57853;L;../fake-data/blob/hipster.png;image/png
4;transmitting intermediate withdrawal;green Credit Card Account;51217;L;../fake-data/blob/hipster.png;image/png
5;neutral;Rustic Concrete Car;78661;XL;../fake-data/blob/hipster.png;image/png
6;aggregate throughput Practical;mobile distributed Dynamic;80377;XXL;../fake-data/blob/hipster.png;image/png
7;Personal Loan Account yellow;Cape Verde;40746;L;../fake-data/blob/hipster.png;image/png
8;Crossroad invoice;Liaison;22423;XXL;../fake-data/blob/hipster.png;image/png
9;Ergonomic Concrete Ball SMS;Gorgeous Rubber Cheese quantifying;16934;XXL;../fake-data/blob/hipster.png;image/png
10;project Stand-alone Computer;Arizona Buckinghamshire;94611;M;../fake-data/blob/hipster.png;image/png
11;Generic Steel Tuna;website calculating;54392;M;../fake-data/blob/hipster.png;image/png
12;Chilean Peso Unidades de fomento Handmade Legacy;deposit Sri Lanka Rupee THX;54661.29091;S;../fake-data/blob/hipster.png;image/png
13;Centers Steel Credit Card Account;networks infomediaries;54930.58182;L;../fake-data/blob/hipster.png;image/png
14;transmitting intermediate withdrawal;green Credit Card Account;55199.87273;L;../fake-data/blob/hipster.png;image/png
15;neutral;Rustic Concrete Car;55469.16364;XL;../fake-data/blob/hipster.png;image/png
16;aggregate throughput Practical;mobile distributed Dynamic;55738.45455;XXL;../fake-data/blob/hipster.png;image/png
17;Personal Loan Account yellow;Cape Verde;56007.74545;L;../fake-data/blob/hipster.png;image/png
18;Crossroad invoice;Liaison;56277.03636;XXL;../fake-data/blob/hipster.png;image/png
19;Ergonomic Concrete Ball SMS;Gorgeous Rubber Cheese quantifying;56546.32727;XXL;../fake-data/blob/hipster.png;image/png
20;project Stand-alone Computer;Arizona Buckinghamshire;56815.61818;M;../fake-data/blob/hipster.png;image/png
21;Generic Steel Tuna;website calculating;57084.90909;M;../fake-data/blob/hipster.png;image/png
22;Chilean Peso Unidades de fomento Handmade Legacy;deposit Sri Lanka Rupee THX;57354.2;S;../fake-data/blob/hipster.png;image/png
23;Centers Steel Credit Card Account;networks infomediaries;57623.49091;L;../fake-data/blob/hipster.png;image/png
24;transmitting intermediate withdrawal;green Credit Card Account;57892.78182;L;../fake-data/blob/hipster.png;image/png
25;neutral;Rustic Concrete Car;58162.07273;XL;../fake-data/blob/hipster.png;image/png
26;aggregate throughput Practical;mobile distributed Dynamic;58431.36364;XXL;../fake-data/blob/hipster.png;image/png
27;Personal Loan Account yellow;Cape Verde;58700.65455;L;../fake-data/blob/hipster.png;image/png
28;Crossroad invoice;Liaison;58969.94545;XXL;../fake-data/blob/hipster.png;image/png
29;Ergonomic Concrete Ball SMS;Gorgeous Rubber Cheese quantifying;59239.23636;XXL;../fake-data/blob/hipster.png;image/png
30;project Stand-alone Computer;Arizona Buckinghamshire;59508.52727;M;../fake-data/blob/hipster.png;image/png
31;Generic Steel Tuna;website calculating;59777.81818;M;../fake-data/blob/hipster.png;image/png
32;Chilean Peso Unidades de fomento Handmade Legacy;deposit Sri Lanka Rupee THX;60047.10909;S;../fake-data/blob/hipster.png;image/png
33;Centers Steel Credit Card Account;networks infomediaries;60316.4;L;../fake-data/blob/hipster.png;image/png
34;transmitting intermediate withdrawal;green Credit Card Account;60585.69091;L;../fake-data/blob/hipster.png;image/png
35;neutral;Rustic Concrete Car;60854.98182;XL;../fake-data/blob/hipster.png;image/png
36;aggregate throughput Practical;mobile distributed Dynamic;61124.27273;XXL;../fake-data/blob/hipster.png;image/png
37;Personal Loan Account yellow;Cape Verde;61393.56364;L;../fake-data/blob/hipster.png;image/png
38;Crossroad invoice;Liaison;61662.85455;XXL;../fake-data/blob/hipster.png;image/png
39;Ergonomic Concrete Ball SMS;Gorgeous Rubber Cheese quantifying;61932.14545;XXL;../fake-data/blob/hipster.png;image/png
40;project Stand-alone Computer;Arizona Buckinghamshire;62201.43636;M;../fake-data/blob/hipster.png;image/png
41;Generic Steel Tuna;website calculating;62470.72727;M;../fake-data/blob/hipster.png;image/png
42;Chilean Peso Unidades de fomento Handmade Legacy;deposit Sri Lanka Rupee THX;62740.01818;S;../fake-data/blob/hipster.png;image/png
43;Centers Steel Credit Card Account;networks infomediaries;63009.30909;L;../fake-data/blob/hipster.png;image/png
44;transmitting intermediate withdrawal;green Credit Card Account;63278.6;L;../fake-data/blob/hipster.png;image/png
45;neutral;Rustic Concrete Car;63547.89091;XL;../fake-data/blob/hipster.png;image/png
46;aggregate throughput Practical;mobile distributed Dynamic;63817.18182;XXL;../fake-data/blob/hipster.png;image/png
47;Personal Loan Account yellow;Cape Verde;64086.47273;L;../fake-data/blob/hipster.png;image/png
48;Crossroad invoice;Liaison;64355.76364;XXL;../fake-data/blob/hipster.png;image/png
49;Ergonomic Concrete Ball SMS;Gorgeous Rubber Cheese quantifying;64625.05455;XXL;../fake-data/blob/hipster.png;image/png
50;project Stand-alone Computer;Arizona Buckinghamshire;64894.34545;M;../fake-data/blob/hipster.png;image/png
51;Generic Steel Tuna;website calculating;65163.63636;M;../fake-data/blob/hipster.png;image/png
52;Chilean Peso Unidades de fomento Handmade Legacy;deposit Sri Lanka Rupee THX;65432.92727;S;../fake-data/blob/hipster.png;image/png
53;Centers Steel Credit Card Account;networks infomediaries;65702.21818;L;../fake-data/blob/hipster.png;image/png
54;transmitting intermediate withdrawal;green Credit Card Account;65971.50909;L;../fake-data/blob/hipster.png;image/png
55;neutral;Rustic Concrete Car;66240.8;XL;../fake-data/blob/hipster.png;image/png
56;aggregate throughput Practical;mobile distributed Dynamic;66510.09091;XXL;../fake-data/blob/hipster.png;image/png
57;Personal Loan Account yellow;Cape Verde;66779.38182;L;../fake-data/blob/hipster.png;image/png
58;Crossroad invoice;Liaison;67048.67273;XXL;../fake-data/blob/hipster.png;image/png
59;Ergonomic Concrete Ball SMS;Gorgeous Rubber Cheese quantifying;67317.96364;XXL;../fake-data/blob/hipster.png;image/png
60;project Stand-alone Computer;Arizona Buckinghamshire;67587.25455;M;../fake-data/blob/hipster.png;image/png
61;Generic Steel Tuna;website calculating;67856.54545;M;../fake-data/blob/hipster.png;image/png
62;Chilean Peso Unidades de fomento Handmade Legacy;deposit Sri Lanka Rupee THX;68125.83636;S;../fake-data/blob/hipster.png;image/png
63;Centers Steel Credit Card Account;networks infomediaries;68395.12727;L;../fake-data/blob/hipster.png;image/png
64;transmitting intermediate withdrawal;green Credit Card Account;68664.41818;L;../fake-data/blob/hipster.png;image/png
65;neutral;Rustic Concrete Car;68933.70909;XL;../fake-data/blob/hipster.png;image/png
66;aggregate throughput Practical;mobile distributed Dynamic;69203;XXL;../fake-data/blob/hipster.png;image/png
67;Personal Loan Account yellow;Cape Verde;69472.29091;L;../fake-data/blob/hipster.png;image/png
68;Crossroad invoice;Liaison;69741.58182;XXL;../fake-data/blob/hipster.png;image/png
69;Ergonomic Concrete Ball SMS;Gorgeous Rubber Cheese quantifying;70010.87273;XXL;../fake-data/blob/hipster.png;image/png
70;project Stand-alone Computer;Arizona Buckinghamshire;70280.16364;M;../fake-data/blob/hipster.png;image/png
71;Generic Steel Tuna;website calculating;70549.45455;M;../fake-data/blob/hipster.png;image/png
72;Chilean Peso Unidades de fomento Handmade Legacy;deposit Sri Lanka Rupee THX;70818.74545;S;../fake-data/blob/hipster.png;image/png
73;Centers Steel Credit Card Account;networks infomediaries;71088.03636;L;../fake-data/blob/hipster.png;image/png
74;transmitting intermediate withdrawal;green Credit Card Account;71357.32727;L;../fake-data/blob/hipster.png;image/png
75;neutral;Rustic Concrete Car;71626.61818;XL;../fake-data/blob/hipster.png;image/png
76;aggregate throughput Practical;mobile distributed Dynamic;71895.90909;XXL;../fake-data/blob/hipster.png;image/png
77;Personal Loan Account yellow;Cape Verde;72165.2;L;../fake-data/blob/hipster.png;image/png
78;Crossroad invoice;Liaison;72434.49091;XXL;../fake-data/blob/hipster.png;image/png
79;Ergonomic Concrete Ball SMS;Gorgeous Rubber Cheese quantifying;72703.78182;XXL;../fake-data/blob/hipster.png;image/png
80;project Stand-alone Computer;Arizona Buckinghamshire;72973.07273;M;../fake-data/blob/hipster.png;image/png
81;Generic Steel Tuna;website calculating;73242.36364;M;../fake-data/blob/hipster.png;image/png
82;Chilean Peso Unidades de fomento Handmade Legacy;deposit Sri Lanka Rupee THX;73511.65455;S;../fake-data/blob/hipster.png;image/png
83;Centers Steel Credit Card Account;networks infomediaries;73780.94545;L;../fake-data/blob/hipster.png;image/png
84;transmitting intermediate withdrawal;green Credit Card Account;74050.23636;L;../fake-data/blob/hipster.png;image/png
85;neutral;Rustic Concrete Car;74319.52727;XL;../fake-data/blob/hipster.png;image/png
86;aggregate throughput Practical;mobile distributed Dynamic;74588.81818;XXL;../fake-data/blob/hipster.png;image/png
87;Personal Loan Account yellow;Cape Verde;74858.10909;L;../fake-data/blob/hipster.png;image/png
88;Crossroad invoice;Liaison;75127.4;XXL;../fake-data/blob/hipster.png;image/png
89;Ergonomic Concrete Ball SMS;Gorgeous Rubber Cheese quantifying;75396.69091;XXL;../fake-data/blob/hipster.png;image/png
90;project Stand-alone Computer;Arizona Buckinghamshire;75665.98182;M;../fake-data/blob/hipster.png;image/png
91;Generic Steel Tuna;website calculating;75935.27273;M;../fake-data/blob/hipster.png;image/png
92;Chilean Peso Unidades de fomento Handmade Legacy;deposit Sri Lanka Rupee THX;76204.56364;S;../fake-data/blob/hipster.png;image/png
93;Centers Steel Credit Card Account;networks infomediaries;76473.85455;L;../fake-data/blob/hipster.png;image/png
94;transmitting intermediate withdrawal;green Credit Card Account;76743.14545;L;../fake-data/blob/hipster.png;image/png
95;neutral;Rustic Concrete Car;77012.43636;XL;../fake-data/blob/hipster.png;image/png
96;aggregate throughput Practical;mobile distributed Dynamic;77281.72727;XXL;../fake-data/blob/hipster.png;image/png
97;Personal Loan Account yellow;Cape Verde;77551.01818;L;../fake-data/blob/hipster.png;image/png
98;Crossroad invoice;Liaison;77820.30909;XXL;../fake-data/blob/hipster.png;image/png
99;Ergonomic Concrete Ball SMS;Gorgeous Rubber Cheese quantifying;78089.6;XXL;../fake-data/blob/hipster.png;image/png
100;project Stand-alone Computer;Arizona Buckinghamshire;78358.89091;M;../fake-data/blob/hipster.png;image/png
101;Generic Steel Tuna;website calculating;78628.18182;M;../fake-data/blob/hipster.png;image/png
102;Chilean Peso Unidades de fomento Handmade Legacy;deposit Sri Lanka Rupee THX;78897.47273;S;../fake-data/blob/hipster.png;image/png
103;Centers Steel Credit Card Account;networks infomediaries;79166.76364;L;../fake-data/blob/hipster.png;image/png
104;transmitting intermediate withdrawal;green Credit Card Account;79436.05455;L;../fake-data/blob/hipster.png;image/png
105;neutral;Rustic Concrete Car;79705.34545;XL;../fake-data/blob/hipster.png;image/png
106;aggregate throughput Practical;mobile distributed Dynamic;79974.63636;XXL;../fake-data/blob/hipster.png;image/png
107;Personal Loan Account yellow;Cape Verde;80243.92727;L;../fake-data/blob/hipster.png;image/png
108;Crossroad invoice;Liaison;80513.21818;XXL;../fake-data/blob/hipster.png;image/png
109;Ergonomic Concrete Ball SMS;Gorgeous Rubber Cheese quantifying;80782.50909;XXL;../fake-data/blob/hipster.png;image/png
110;project Stand-alone Computer;Arizona Buckinghamshire;81051.8;M;../fake-data/blob/hipster.png;image/png
111;Generic Steel Tuna;website calculating;81321.09091;M;../fake-data/blob/hipster.png;image/png
112;Chilean Peso Unidades de fomento Handmade Legacy;deposit Sri Lanka Rupee THX;81590.38182;S;../fake-data/blob/hipster.png;image/png
113;Centers Steel Credit Card Account;networks infomediaries;81859.67273;L;../fake-data/blob/hipster.png;image/png
114;transmitting intermediate withdrawal;green Credit Card Account;82128.96364;L;../fake-data/blob/hipster.png;image/png
115;neutral;Rustic Concrete Car;82398.25455;XL;../fake-data/blob/hipster.png;image/png
116;aggregate throughput Practical;mobile distributed Dynamic;82667.54545;XXL;../fake-data/blob/hipster.png;image/png
117;Personal Loan Account yellow;Cape Verde;82936.83636;L;../fake-data/blob/hipster.png;image/png
118;Crossroad invoice;Liaison;83206.12727;XXL;../fake-data/blob/hipster.png;image/png
119;Ergonomic Concrete Ball SMS;Gorgeous Rubber Cheese quantifying;83475.41818;XXL;../fake-data/blob/hipster.png;image/png
120;project Stand-alone Computer;Arizona Buckinghamshire;83744.70909;M;../fake-data/blob/hipster.png;image/png
121;Generic Steel Tuna;website calculating;84014;M;../fake-data/blob/hipster.png;image/png
122;Chilean Peso Unidades de fomento Handmade Legacy;deposit Sri Lanka Rupee THX;84283.29091;S;../fake-data/blob/hipster.png;image/png
123;Centers Steel Credit Card Account;networks infomediaries;84552.58182;L;../fake-data/blob/hipster.png;image/png
124;transmitting intermediate withdrawal;green Credit Card Account;84821.87273;L;../fake-data/blob/hipster.png;image/png
125;neutral;Rustic Concrete Car;85091.16364;XL;../fake-data/blob/hipster.png;image/png
126;aggregate throughput Practical;mobile distributed Dynamic;85360.45455;XXL;../fake-data/blob/hipster.png;image/png
127;Personal Loan Account yellow;Cape Verde;85629.74545;L;../fake-data/blob/hipster.png;image/png
128;Crossroad invoice;Liaison;85899.03636;XXL;../fake-data/blob/hipster.png;image/png
129;Ergonomic Concrete Ball SMS;Gorgeous Rubber Cheese quantifying;86168.32727;XXL;../fake-data/blob/hipster.png;image/png
130;project Stand-alone Computer;Arizona Buckinghamshire;86437.61818;M;../fake-data/blob/hipster.png;image/png
131;Generic Steel Tuna;website calculating;86706.90909;M;../fake-data/blob/hipster.png;image/png
132;Chilean Peso Unidades de fomento Handmade Legacy;deposit Sri Lanka Rupee THX;86976.2;S;../fake-data/blob/hipster.png;image/png
133;Centers Steel Credit Card Account;networks infomediaries;87245.49091;L;../fake-data/blob/hipster.png;image/png
134;transmitting intermediate withdrawal;green Credit Card Account;87514.78182;L;../fake-data/blob/hipster.png;image/png
135;neutral;Rustic Concrete Car;87784.07273;XL;../fake-data/blob/hipster.png;image/png
136;aggregate throughput Practical;mobile distributed Dynamic;88053.36364;XXL;../fake-data/blob/hipster.png;image/png
137;Personal Loan Account yellow;Cape Verde;88322.65455;L;../fake-data/blob/hipster.png;image/png
138;Crossroad invoice;Liaison;88591.94545;XXL;../fake-data/blob/hipster.png;image/png
139;Ergonomic Concrete Ball SMS;Gorgeous Rubber Cheese quantifying;88861.23636;XXL;../fake-data/blob/hipster.png;image/png
140;project Stand-alone Computer;Arizona Buckinghamshire;89130.52727;M;../fake-data/blob/hipster.png;image/png
141;Generic Steel Tuna;website calculating;89399.81818;M;../fake-data/blob/hipster.png;image/png
142;Chilean Peso Unidades de fomento Handmade Legacy;deposit Sri Lanka Rupee THX;89669.10909;S;../fake-data/blob/hipster.png;image/png
143;Centers Steel Credit Card Account;networks infomediaries;89938.4;L;../fake-data/blob/hipster.png;image/png
144;transmitting intermediate withdrawal;green Credit Card Account;90207.69091;L;../fake-data/blob/hipster.png;image/png
145;neutral;Rustic Concrete Car;90476.98182;XL;../fake-data/blob/hipster.png;image/png
146;aggregate throughput Practical;mobile distributed Dynamic;90746.27273;XXL;../fake-data/blob/hipster.png;image/png
147;Personal Loan Account yellow;Cape Verde;91015.56364;L;../fake-data/blob/hipster.png;image/png
148;Crossroad invoice;Liaison;91284.85455;XXL;../fake-data/blob/hipster.png;image/png
149;Ergonomic Concrete Ball SMS;Gorgeous Rubber Cheese quantifying;91554.14545;XXL;../fake-data/blob/hipster.png;image/png
150;project Stand-alone Computer;Arizona Buckinghamshire;91823.43636;M;../fake-data/blob/hipster.png;image/png
151;Generic Steel Tuna;website calculating;92092.72727;M;../fake-data/blob/hipster.png;image/png
152;Chilean Peso Unidades de fomento Handmade Legacy;deposit Sri Lanka Rupee THX;92362.01818;S;../fake-data/blob/hipster.png;image/png
153;Centers Steel Credit Card Account;networks infomediaries;92631.30909;L;../fake-data/blob/hipster.png;image/png
154;transmitting intermediate withdrawal;green Credit Card Account;92900.6;L;../fake-data/blob/hipster.png;image/png
155;neutral;Rustic Concrete Car;93169.89091;XL;../fake-data/blob/hipster.png;image/png
156;aggregate throughput Practical;mobile distributed Dynamic;93439.18182;XXL;../fake-data/blob/hipster.png;image/png
157;Personal Loan Account yellow;Cape Verde;93708.47273;L;../fake-data/blob/hipster.png;image/png
158;Crossroad invoice;Liaison;93977.76364;XXL;../fake-data/blob/hipster.png;image/png
159;Ergonomic Concrete Ball SMS;Gorgeous Rubber Cheese quantifying;94247.05455;XXL;../fake-data/blob/hipster.png;image/png
160;project Stand-alone Computer;Arizona Buckinghamshire;94516.34545;M;../fake-data/blob/hipster.png;image/png
161;Generic Steel Tuna;website calculating;94785.63636;M;../fake-data/blob/hipster.png;image/png
162;Chilean Peso Unidades de fomento Handmade Legacy;deposit Sri Lanka Rupee THX;95054.92727;S;../fake-data/blob/hipster.png;image/png
163;Centers Steel Credit Card Account;networks infomediaries;95324.21818;L;../fake-data/blob/hipster.png;image/png
164;transmitting intermediate withdrawal;green Credit Card Account;95593.50909;L;../fake-data/blob/hipster.png;image/png
165;neutral;Rustic Concrete Car;95862.8;XL;../fake-data/blob/hipster.png;image/png
166;aggregate throughput Practical;mobile distributed Dynamic;96132.09091;XXL;../fake-data/blob/hipster.png;image/png
167;Personal Loan Account yellow;Cape Verde;96401.38182;L;../fake-data/blob/hipster.png;image/png
168;Crossroad invoice;Liaison;96670.67273;XXL;../fake-data/blob/hipster.png;image/png
169;Ergonomic Concrete Ball SMS;Gorgeous Rubber Cheese quantifying;96939.96364;XXL;../fake-data/blob/hipster.png;image/png
170;project Stand-alone Computer;Arizona Buckinghamshire;97209.25455;M;../fake-data/blob/hipster.png;image/png
171;Generic Steel Tuna;website calculating;97478.54545;M;../fake-data/blob/hipster.png;image/png
172;Chilean Peso Unidades de fomento Handmade Legacy;deposit Sri Lanka Rupee THX;97747.83636;S;../fake-data/blob/hipster.png;image/png
173;Centers Steel Credit Card Account;networks infomediaries;98017.12727;L;../fake-data/blob/hipster.png;image/png
174;transmitting intermediate withdrawal;green Credit Card Account;98286.41818;L;../fake-data/blob/hipster.png;image/png
175;neutral;Rustic Concrete Car;98555.70909;XL;../fake-data/blob/hipster.png;image/png
176;aggregate throughput Practical;mobile distributed Dynamic;98825;XXL;../fake-data/blob/hipster.png;image/png
177;Personal Loan Account yellow;Cape Verde;99094.29091;L;../fake-data/blob/hipster.png;image/png
178;Crossroad invoice;Liaison;99363.58182;XXL;../fake-data/blob/hipster.png;image/png
179;Ergonomic Concrete Ball SMS;Gorgeous Rubber Cheese quantifying;99632.87273;XXL;../fake-data/blob/hipster.png;image/png
180;project Stand-alone Computer;Arizona Buckinghamshire;99902.16364;M;../fake-data/blob/hipster.png;image/png
181;Generic Steel Tuna;website calculating;100171.4545;M;../fake-data/blob/hipster.png;image/png
182;Chilean Peso Unidades de fomento Handmade Legacy;deposit Sri Lanka Rupee THX;100440.7455;S;../fake-data/blob/hipster.png;image/png
183;Centers Steel Credit Card Account;networks infomediaries;100710.0364;L;../fake-data/blob/hipster.png;image/png
184;transmitting intermediate withdrawal;green Credit Card Account;100979.3273;L;../fake-data/blob/hipster.png;image/png
185;neutral;Rustic Concrete Car;101248.6182;XL;../fake-data/blob/hipster.png;image/png
186;aggregate throughput Practical;mobile distributed Dynamic;101517.9091;XXL;../fake-data/blob/hipster.png;image/png
187;Personal Loan Account yellow;Cape Verde;101787.2;L;../fake-data/blob/hipster.png;image/png
188;Crossroad invoice;Liaison;102056.4909;XXL;../fake-data/blob/hipster.png;image/png
189;Ergonomic Concrete Ball SMS;Gorgeous Rubber Cheese quantifying;102325.7818;XXL;../fake-data/blob/hipster.png;image/png
190;project Stand-alone Computer;Arizona Buckinghamshire;102595.0727;M;../fake-data/blob/hipster.png;image/png
191;Generic Steel Tuna;website calculating;102864.3636;M;../fake-data/blob/hipster.png;image/png
192;Chilean Peso Unidades de fomento Handmade Legacy;deposit Sri Lanka Rupee THX;103133.6545;S;../fake-data/blob/hipster.png;image/png
193;Centers Steel Credit Card Account;networks infomediaries;103402.9455;L;../fake-data/blob/hipster.png;image/png
194;transmitting intermediate withdrawal;green Credit Card Account;103672.2364;L;../fake-data/blob/hipster.png;image/png
195;neutral;Rustic Concrete Car;103941.5273;XL;../fake-data/blob/hipster.png;image/png
196;aggregate throughput Practical;mobile distributed Dynamic;104210.8182;XXL;../fake-data/blob/hipster.png;image/png
197;Personal Loan Account yellow;Cape Verde;104480.1091;L;../fake-data/blob/hipster.png;image/png
198;Crossroad invoice;Liaison;104749.4;XXL;../fake-data/blob/hipster.png;image/png
199;Ergonomic Concrete Ball SMS;Gorgeous Rubber Cheese quantifying;105018.6909;XXL;../fake-data/blob/hipster.png;image/png
200;project Stand-alone Computer;Arizona Buckinghamshire;105287.9818;M;../fake-data/blob/hipster.png;image/png
201;Generic Steel Tuna;website calculating;105557.2727;M;../fake-data/blob/hipster.png;image/png
202;Chilean Peso Unidades de fomento Handmade Legacy;deposit Sri Lanka Rupee THX;105826.5636;S;../fake-data/blob/hipster.png;image/png
203;Centers Steel Credit Card Account;networks infomediaries;106095.8545;L;../fake-data/blob/hipster.png;image/png
204;transmitting intermediate withdrawal;green Credit Card Account;106365.1455;L;../fake-data/blob/hipster.png;image/png
205;neutral;Rustic Concrete Car;106634.4364;XL;../fake-data/blob/hipster.png;image/png
206;aggregate throughput Practical;mobile distributed Dynamic;106903.7273;XXL;../fake-data/blob/hipster.png;image/png
207;Personal Loan Account yellow;Cape Verde;107173.0182;L;../fake-data/blob/hipster.png;image/png
208;Crossroad invoice;Liaison;107442.3091;XXL;../fake-data/blob/hipster.png;image/png
209;Ergonomic Concrete Ball SMS;Gorgeous Rubber Cheese quantifying;107711.6;XXL;../fake-data/blob/hipster.png;image/png
210;project Stand-alone Computer;Arizona Buckinghamshire;107980.8909;M;../fake-data/blob/hipster.png;image/png
211;Generic Steel Tuna;website calculating;108250.1818;M;../fake-data/blob/hipster.png;image/png
212;Chilean Peso Unidades de fomento Handmade Legacy;deposit Sri Lanka Rupee THX;108519.4727;S;../fake-data/blob/hipster.png;image/png
213;Centers Steel Credit Card Account;networks infomediaries;108788.7636;L;../fake-data/blob/hipster.png;image/png
214;transmitting intermediate withdrawal;green Credit Card Account;109058.0545;L;../fake-data/blob/hipster.png;image/png
215;neutral;Rustic Concrete Car;109327.3455;XL;../fake-data/blob/hipster.png;image/png
216;aggregate throughput Practical;mobile distributed Dynamic;109596.6364;XXL;../fake-data/blob/hipster.png;image/png
217;Personal Loan Account yellow;Cape Verde;109865.9273;L;../fake-data/blob/hipster.png;image/png
218;Crossroad invoice;Liaison;110135.2182;XXL;../fake-data/blob/hipster.png;image/png
219;Ergonomic Concrete Ball SMS;Gorgeous Rubber Cheese quantifying;110404.5091;XXL;../fake-data/blob/hipster.png;image/png
220;project Stand-alone Computer;Arizona Buckinghamshire;110673.8;M;../fake-data/blob/hipster.png;image/png
221;Generic Steel Tuna;website calculating;110943.0909;M;../fake-data/blob/hipster.png;image/png
222;Chilean Peso Unidades de fomento Handmade Legacy;deposit Sri Lanka Rupee THX;111212.3818;S;../fake-data/blob/hipster.png;image/png
223;Centers Steel Credit Card Account;networks infomediaries;111481.6727;L;../fake-data/blob/hipster.png;image/png
224;transmitting intermediate withdrawal;green Credit Card Account;111750.9636;L;../fake-data/blob/hipster.png;image/png
225;neutral;Rustic Concrete Car;112020.2545;XL;../fake-data/blob/hipster.png;image/png
226;aggregate throughput Practical;mobile distributed Dynamic;112289.5455;XXL;../fake-data/blob/hipster.png;image/png
227;Personal Loan Account yellow;Cape Verde;112558.8364;L;../fake-data/blob/hipster.png;image/png
228;Crossroad invoice;Liaison;112828.1273;XXL;../fake-data/blob/hipster.png;image/png
229;Ergonomic Concrete Ball SMS;Gorgeous Rubber Cheese quantifying;113097.4182;XXL;../fake-data/blob/hipster.png;image/png
230;project Stand-alone Computer;Arizona Buckinghamshire;113366.7091;M;../fake-data/blob/hipster.png;image/png
231;Generic Steel Tuna;website calculating;113636;M;../fake-data/blob/hipster.png;image/png
232;Chilean Peso Unidades de fomento Handmade Legacy;deposit Sri Lanka Rupee THX;113905.2909;S;../fake-data/blob/hipster.png;image/png
233;Centers Steel Credit Card Account;networks infomediaries;114174.5818;L;../fake-data/blob/hipster.png;image/png
234;transmitting intermediate withdrawal;green Credit Card Account;114443.8727;L;../fake-data/blob/hipster.png;image/png
235;neutral;Rustic Concrete Car;114713.1636;XL;../fake-data/blob/hipster.png;image/png
236;aggregate throughput Practical;mobile distributed Dynamic;114982.4545;XXL;../fake-data/blob/hipster.png;image/png
237;Personal Loan Account yellow;Cape Verde;115251.7455;L;../fake-data/blob/hipster.png;image/png
238;Crossroad invoice;Liaison;115521.0364;XXL;../fake-data/blob/hipster.png;image/png
239;Ergonomic Concrete Ball SMS;Gorgeous Rubber Cheese quantifying;115790.3273;XXL;../fake-data/blob/hipster.png;image/png
240;project Stand-alone Computer;Arizona Buckinghamshire;116059.6182;M;../fake-data/blob/hipster.png;image/png
241;Generic Steel Tuna;website calculating;116328.9091;M;../fake-data/blob/hipster.png;image/png
242;Chilean Peso Unidades de fomento Handmade Legacy;deposit Sri Lanka Rupee THX;116598.2;S;../fake-data/blob/hipster.png;image/png
243;Centers Steel Credit Card Account;networks infomediaries;116867.4909;L;../fake-data/blob/hipster.png;image/png
244;transmitting intermediate withdrawal;green Credit Card Account;117136.7818;L;../fake-data/blob/hipster.png;image/png
245;neutral;Rustic Concrete Car;117406.0727;XL;../fake-data/blob/hipster.png;image/png
246;aggregate throughput Practical;mobile distributed Dynamic;117675.3636;XXL;../fake-data/blob/hipster.png;image/png
247;Personal Loan Account yellow;Cape Verde;117944.6545;L;../fake-data/blob/hipster.png;image/png
248;Crossroad invoice;Liaison;118213.9455;XXL;../fake-data/blob/hipster.png;image/png
249;Ergonomic Concrete Ball SMS;Gorgeous Rubber Cheese quantifying;118483.2364;XXL;../fake-data/blob/hipster.png;image/png
250;project Stand-alone Computer;Arizona Buckinghamshire;118752.5273;M;../fake-data/blob/hipster.png;image/png
251;Generic Steel Tuna;website calculating;119021.8182;M;../fake-data/blob/hipster.png;image/png
252;Chilean Peso Unidades de fomento Handmade Legacy;deposit Sri Lanka Rupee THX;119291.1091;S;../fake-data/blob/hipster.png;image/png
253;Centers Steel Credit Card Account;networks infomediaries;119560.4;L;../fake-data/blob/hipster.png;image/png
254;transmitting intermediate withdrawal;green Credit Card Account;119829.6909;L;../fake-data/blob/hipster.png;image/png
255;neutral;Rustic Concrete Car;120098.9818;XL;../fake-data/blob/hipster.png;image/png
256;aggregate throughput Practical;mobile distributed Dynamic;120368.2727;XXL;../fake-data/blob/hipster.png;image/png
257;Personal Loan Account yellow;Cape Verde;120637.5636;L;../fake-data/blob/hipster.png;image/png
258;Crossroad invoice;Liaison;120906.8545;XXL;../fake-data/blob/hipster.png;image/png
259;Ergonomic Concrete Ball SMS;Gorgeous Rubber Cheese quantifying;121176.1455;XXL;../fake-data/blob/hipster.png;image/png
260;project Stand-alone Computer;Arizona Buckinghamshire;121445.4364;M;../fake-data/blob/hipster.png;image/png
261;Generic Steel Tuna;website calculating;121714.7273;M;../fake-data/blob/hipster.png;image/png
262;Chilean Peso Unidades de fomento Handmade Legacy;deposit Sri Lanka Rupee THX;121984.0182;S;../fake-data/blob/hipster.png;image/png
263;Centers Steel Credit Card Account;networks infomediaries;122253.3091;L;../fake-data/blob/hipster.png;image/png
264;transmitting intermediate withdrawal;green Credit Card Account;122522.6;L;../fake-data/blob/hipster.png;image/png
265;neutral;Rustic Concrete Car;122791.8909;XL;../fake-data/blob/hipster.png;image/png
266;aggregate throughput Practical;mobile distributed Dynamic;123061.1818;XXL;../fake-data/blob/hipster.png;image/png
267;Personal Loan Account yellow;Cape Verde;123330.4727;L;../fake-data/blob/hipster.png;image/png
268;Crossroad invoice;Liaison;123599.7636;XXL;../fake-data/blob/hipster.png;image/png
269;Ergonomic Concrete Ball SMS;Gorgeous Rubber Cheese quantifying;123869.0545;XXL;../fake-data/blob/hipster.png;image/png
270;project Stand-alone Computer;Arizona Buckinghamshire;124138.3455;M;../fake-data/blob/hipster.png;image/png
271;Generic Steel Tuna;website calculating;124407.6364;M;../fake-data/blob/hipster.png;image/png
272;Chilean Peso Unidades de fomento Handmade Legacy;deposit Sri Lanka Rupee THX;124676.9273;S;../fake-data/blob/hipster.png;image/png
273;Centers Steel Credit Card Account;networks infomediaries;124946.2182;L;../fake-data/blob/hipster.png;image/png
274;transmitting intermediate withdrawal;green Credit Card Account;125215.5091;L;../fake-data/blob/hipster.png;image/png
275;neutral;Rustic Concrete Car;125484.8;XL;../fake-data/blob/hipster.png;image/png
276;aggregate throughput Practical;mobile distributed Dynamic;125754.0909;XXL;../fake-data/blob/hipster.png;image/png
277;Personal Loan Account yellow;Cape Verde;126023.3818;L;../fake-data/blob/hipster.png;image/png
278;Crossroad invoice;Liaison;126292.6727;XXL;../fake-data/blob/hipster.png;image/png
279;Ergonomic Concrete Ball SMS;Gorgeous Rubber Cheese quantifying;126561.9636;XXL;../fake-data/blob/hipster.png;image/png
280;project Stand-alone Computer;Arizona Buckinghamshire;126831.2545;M;../fake-data/blob/hipster.png;image/png
281;Generic Steel Tuna;website calculating;127100.5455;M;../fake-data/blob/hipster.png;image/png
282;Chilean Peso Unidades de fomento Handmade Legacy;deposit Sri Lanka Rupee THX;127369.8364;S;../fake-data/blob/hipster.png;image/png
283;Centers Steel Credit Card Account;networks infomediaries;127639.1273;L;../fake-data/blob/hipster.png;image/png
284;transmitting intermediate withdrawal;green Credit Card Account;127908.4182;L;../fake-data/blob/hipster.png;image/png
285;neutral;Rustic Concrete Car;128177.7091;XL;../fake-data/blob/hipster.png;image/png
286;aggregate throughput Practical;mobile distributed Dynamic;128447;XXL;../fake-data/blob/hipster.png;image/png
287;Personal Loan Account yellow;Cape Verde;128716.2909;L;../fake-data/blob/hipster.png;image/png
288;Crossroad invoice;Liaison;128985.5818;XXL;../fake-data/blob/hipster.png;image/png
289;Ergonomic Concrete Ball SMS;Gorgeous Rubber Cheese quantifying;129254.8727;XXL;../fake-data/blob/hipster.png;image/png
290;project Stand-alone Computer;Arizona Buckinghamshire;129524.1636;M;../fake-data/blob/hipster.png;image/png
291;Generic Steel Tuna;website calculating;129793.4545;M;../fake-data/blob/hipster.png;image/png
292;Chilean Peso Unidades de fomento Handmade Legacy;deposit Sri Lanka Rupee THX;130062.7455;S;../fake-data/blob/hipster.png;image/png
293;Centers Steel Credit Card Account;networks infomediaries;130332.0364;L;../fake-data/blob/hipster.png;image/png
294;transmitting intermediate withdrawal;green Credit Card Account;130601.3273;L;../fake-data/blob/hipster.png;image/png
295;neutral;Rustic Concrete Car;130870.6182;XL;../fake-data/blob/hipster.png;image/png
296;aggregate throughput Practical;mobile distributed Dynamic;131139.9091;XXL;../fake-data/blob/hipster.png;image/png
297;Personal Loan Account yellow;Cape Verde;131409.2;L;../fake-data/blob/hipster.png;image/png
298;Crossroad invoice;Liaison;131678.4909;XXL;../fake-data/blob/hipster.png;image/png
299;Ergonomic Concrete Ball SMS;Gorgeous Rubber Cheese quantifying;131947.7818;XXL;../fake-data/blob/hipster.png;image/png
300;project Stand-alone Computer;Arizona Buckinghamshire;132217.0727;M;../fake-data/blob/hipster.png;image/png
301;Generic Steel Tuna;website calculating;132486.3636;M;../fake-data/blob/hipster.png;image/png
302;Chilean Peso Unidades de fomento Handmade Legacy;deposit Sri Lanka Rupee THX;132755.6545;S;../fake-data/blob/hipster.png;image/png
303;Centers Steel Credit Card Account;networks infomediaries;133024.9455;L;../fake-data/blob/hipster.png;image/png
304;transmitting intermediate withdrawal;green Credit Card Account;133294.2364;L;../fake-data/blob/hipster.png;image/png
305;neutral;Rustic Concrete Car;133563.5273;XL;../fake-data/blob/hipster.png;image/png
